{"cameraMode":{"drawMode":0,"name":"Shaded","section":"Shading Mode"},"sceneLighting":false,"audioPlay":false,"sceneViewState":{"showFog":true,"showMaterialUpdate":false,"showSkybox":false,"showFlares":true,"showImageEffects":true,"showParticleSystems":true},"in2DMode":false,"pivot":{"x":0.2750643193721771,"y":0.11638903617858887,"z":-5.9798994064331059},"rotation":{"x":0.18581272661685944,"y":-0.8064864873886108,"z":0.3297942578792572,"w":0.45427918434143069},"size":10.0,"orthographic":false}